@heiseonline@social.heise.de,
@ct_Magazin@social.heise.de,
@iX_Magazin@social.heise.de,
@heisedeveloper@social.heise.de,
@heisec@social.heise.de,
@heiseautos@social.heise.de,
@macandi@social.heise.de,
@techreview_de@social.heise.de,
@heiseonline_TopNews@social.heise.de,
@ct_Fotografie@social.heise.de,
@TexasObserver@texasobserver.social,
@gbhnews@mastodon.social,
@arstechnica@mastodon.social,
@derpostillon@mastodon.social,
@ProPublica@newsie.social,
@mediapart@mediapart.social,
@tazgetroete@mastodon.social,
@RollingStone@mstdn.social,
@derStandard@derstandard.at,
@t3n@t3n.social,
@web@derstandard.at,
@tagesschau@ard.social,
@BR24@ard.social,
@NDR@ard.social,
@swr3@ard.social,
@SWR2Wissen@ard.social,
@br_ailab@ard.social,
@br_data@ard.social,
@Archivradio@ard.social,
@ZDF@zdf.social,
@3sat@zdf.social,
